model,task,method,shot,Bleu,Bleu_60,Bleu_237,Bleu_272,Bleu_432,Bleu_443,F1,F1_60,F1_237,F1_272,F1_432,F1_443,Meteor,Meteor_60,Meteor_237,Meteor_272,Meteor_432,Meteor_443,CodeT5+,CodeT5+_60,CodeT5+_237,CodeT5+_272,CodeT5+_432,CodeT5+_443
gpt-20b,java,naive,3-shot,Bleu,13.03,11.56,12.25,12.81,13.05,F1,0.30,0.28,0.29,0.29,0.28,Meteor,0.31,0.31,0.30,0.27,0.28,CodeT5,0.68,0.71,0.69,0.64,0.66
gpt-20b,java,retrieval,3-shot,Bleu,13.67,13.08,13.81,13.40,13.91,F1,0.28,0.28,0.29,0.28,0.28,Meteor,0.32,0.32,0.31,0.27,0.28,CodeT5,0.70,0.71,0.70,0.65,0.66
gpt-20b,java,zero,0-shot,Bleu,3.45,9.04,9.11,10.35,11.26,F1,0.03,0.23,0.22,0.22,0.24,Meteor,0.22,0.29,0.26,0.20,0.25,CodeT5,0.80,0.75,0.74,0.63,0.67
gpt-20b,python,naive,3-shot,Bleu,12.55,10.75,11.73,13.33,13.03,F1,0.28,0.26,0.28,0.29,0.27,Meteor,0.31,0.30,0.30,0.28,0.29,CodeT5,0.68,0.71,0.69,0.64,0.65
gpt-20b,python,retrieval,3-shot,Bleu,11.16,10.63,11.38,12.20,12.43,F1,0.25,0.25,0.26,0.26,0.25,Meteor,0.30,0.30,0.29,0.25,0.27,CodeT5,0.71,0.72,0.70,0.64,0.65
gpt-20b,python,zero,0-shot,Bleu,5.23,8.54,8.65,10.43,11.34,F1,0.02,0.22,0.21,0.21,0.23,Meteor,0.22,0.30,0.27,0.20,0.26,CodeT5,0.82,0.75,0.74,0.65,0.67
qwen2.5-1.5b,java,naive,3-shot,Bleu,12.52,15.84,15.86,15.75,15.40,F1,0.26,0.34,0.34,0.34,0.32,Meteor,0.29,0.30,0.29,0.29,0.29,CodeT5,0.68,0.59,0.58,0.57,0.59
qwen2.5-1.5b,java,retrieval,3-shot,Bleu,13.91,17.17,17.14,16.92,16.91,F1,0.26,0.34,0.34,0.33,0.34,Meteor,0.29,0.32,0.31,0.30,0.31,CodeT5,0.67,0.61,0.60,0.60,0.61
qwen2.5-1.5b,java,zero,0-shot,Bleu,2.70,12.17,12.03,11.11,12.37,F1,-0.09,0.28,0.28,0.25,0.28,Meteor,0.16,0.30,0.28,0.26,0.28,CodeT5,0.82,0.69,0.68,0.68,0.67
qwen2.5-1.5b,python,naive,3-shot,Bleu,13.06,16.37,16.17,16.23,14.88,F1,0.26,0.34,0.33,0.33,0.30,Meteor,0.28,0.30,0.29,0.28,0.29,CodeT5,0.66,0.58,0.58,0.57,0.60
qwen2.5-1.5b,python,retrieval,3-shot,Bleu,12.41,15.80,15.74,15.70,15.53,F1,0.24,0.32,0.32,0.31,0.31,Meteor,0.26,0.29,0.28,0.27,0.28,CodeT5,0.65,0.59,0.58,0.57,0.59
qwen2.5-1.5b,python,zero,0-shot,Bleu,2.47,11.61,11.73,11.01,12.42,F1,-0.13,0.26,0.26,0.23,0.26,Meteor,0.14,0.29,0.28,0.25,0.27,CodeT5,0.85,0.68,0.67,0.67,0.65
qwen2.5-14b,java,naive,3-shot,Bleu,15.97,15.80,15.76,15.99,15.86,F1,0.35,0.34,0.34,0.34,0.34,Meteor,0.32,0.32,0.31,0.30,0.30,CodeT5,0.61,0.62,0.61,0.59,0.59
qwen2.5-14b,java,retrieval,3-shot,Bleu,16.43,17.10,17.03,17.15,17.20,F1,0.34,0.35,0.34,0.34,0.34,Meteor,0.34,0.34,0.33,0.32,0.31,CodeT5,0.66,0.64,0.63,0.61,0.60
qwen2.5-14b,java,zero,0-shot,Bleu,3.23,11.92,12.18,12.71,12.83,F1,0.01,0.28,0.28,0.28,0.27,Meteor,0.21,0.31,0.29,0.27,0.25,CodeT5,0.80,0.70,0.68,0.64,0.63
qwen2.5-14b,python,naive,3-shot,Bleu,15.94,15.92,16.10,16.40,16.19,F1,0.33,0.33,0.33,0.33,0.31,Meteor,0.32,0.32,0.32,0.30,0.30,CodeT5,0.61,0.62,0.61,0.59,0.58
qwen2.5-14b,python,retrieval,3-shot,Bleu,15.20,15.89,15.79,15.99,16.06,F1,0.32,0.33,0.33,0.32,0.32,Meteor,0.31,0.32,0.31,0.29,0.29,CodeT5,0.63,0.62,0.61,0.59,0.58
qwen2.5-14b,python,zero,0-shot,Bleu,2.50,11.22,12.27,12.74,13.34,F1,-0.06,0.26,0.27,0.26,0.26,Meteor,0.17,0.31,0.30,0.26,0.26,CodeT5,0.84,0.70,0.67,0.63,0.62
qwen2.5-32b,java,naive,3-shot,Bleu,13.62,14.15,14.65,15.22,14.86,F1,0.30,0.32,0.33,0.33,0.32,Meteor,0.32,0.32,0.31,0.28,0.28,CodeT5,0.68,0.66,0.63,0.58,0.60
qwen2.5-32b,java,retrieval,3-shot,Bleu,13.39,15.12,15.59,15.40,15.48,F1,0.30,0.32,0.32,0.31,0.31,Meteor,0.33,0.33,0.32,0.28,0.28,CodeT5,0.71,0.68,0.65,0.59,0.60
qwen2.5-32b,java,zero,0-shot,Bleu,1.66,10.19,11.41,11.62,11.86,F1,-0.01,0.25,0.27,0.23,0.24,Meteor,0.19,0.30,0.29,0.20,0.20,CodeT5,0.80,0.73,0.70,0.57,0.59
qwen2.5-32b,python,naive,3-shot,Bleu,13.78,14.44,15.36,15.89,14.94,F1,0.28,0.32,0.33,0.33,0.30,Meteor,0.31,0.32,0.31,0.28,0.28,CodeT5,0.68,0.65,0.62,0.58,0.59
qwen2.5-32b,python,retrieval,3-shot,Bleu,11.41,13.39,14.17,14.52,14.40,F1,0.27,0.30,0.30,0.29,0.28,Meteor,0.30,0.31,0.29,0.25,0.26,CodeT5,0.69,0.66,0.63,0.58,0.59
qwen2.5-32b,python,zero,0-shot,Bleu,0.63,9.41,11.24,11.85,12.09,F1,-0.01,0.24,0.25,0.23,0.23,Meteor,0.19,0.30,0.29,0.19,0.21,CodeT5,0.83,0.73,0.69,0.59,0.60
qwen2.5-3b,java,naive,3-shot,Bleu,15.87,14.94,15.19,15.68,15.46,F1,0.34,0.32,0.32,0.33,0.32,Meteor,0.32,0.31,0.30,0.30,0.29,CodeT5,0.61,0.63,0.61,0.60,0.60
qwen2.5-3b,java,retrieval,3-shot,Bleu,16.87,16.91,16.95,17.25,17.13,F1,0.33,0.34,0.34,0.34,0.34,Meteor,0.33,0.33,0.32,0.31,0.32,CodeT5,0.63,0.63,0.62,0.60,0.61
qwen2.5-3b,java,zero,0-shot,Bleu,4.25,12.08,12.01,13.21,12.95,F1,0.08,0.28,0.27,0.29,0.28,Meteor,0.23,0.30,0.28,0.27,0.27,CodeT5,0.79,0.70,0.68,0.64,0.65
qwen2.5-3b,python,naive,3-shot,Bleu,16.94,15.96,16.46,16.72,16.22,F1,0.35,0.33,0.34,0.34,0.32,Meteor,0.31,0.31,0.31,0.30,0.30,CodeT5,0.58,0.60,0.59,0.58,0.58
qwen2.5-3b,python,retrieval,3-shot,Bleu,15.46,15.35,15.55,16.12,16.04,F1,0.32,0.32,0.32,0.32,0.32,Meteor,0.30,0.30,0.29,0.29,0.29,CodeT5,0.60,0.61,0.60,0.58,0.58
qwen2.5-3b,python,zero,0-shot,Bleu,3.69,11.42,11.90,13.24,13.27,F1,0.08,0.26,0.26,0.27,0.27,Meteor,0.23,0.30,0.28,0.27,0.27,CodeT5,0.82,0.69,0.67,0.63,0.64
qwen2.5-7b,java,naive,3-shot,Bleu,15.82,15.80,15.13,15.87,15.75,F1,0.35,0.34,0.33,0.34,0.33,Meteor,0.32,0.32,0.31,0.30,0.30,CodeT5,0.62,0.62,0.63,0.59,0.59
qwen2.5-7b,java,retrieval,3-shot,Bleu,15.79,16.67,16.04,16.68,16.75,F1,0.32,0.34,0.33,0.33,0.33,Meteor,0.33,0.33,0.32,0.30,0.30,CodeT5,0.66,0.64,0.64,0.60,0.61
qwen2.5-7b,java,zero,0-shot,Bleu,1.76,11.96,11.47,12.71,12.88,F1,-0.09,0.28,0.26,0.28,0.28,Meteor,0.19,0.31,0.28,0.26,0.26,CodeT5,0.83,0.71,0.70,0.63,0.64
qwen2.5-7b,python,naive,3-shot,Bleu,15.81,15.16,15.16,16.36,16.08,F1,0.33,0.32,0.32,0.33,0.32,Meteor,0.31,0.32,0.31,0.30,0.29,CodeT5,0.61,0.63,0.62,0.58,0.58
qwen2.5-7b,python,retrieval,3-shot,Bleu,14.07,15.02,14.54,15.46,15.52,F1,0.31,0.31,0.31,0.31,0.31,Meteor,0.30,0.30,0.29,0.28,0.28,CodeT5,0.64,0.62,0.63,0.58,0.59
qwen2.5-7b,python,zero,0-shot,Bleu,0.26,10.60,10.73,12.55,12.71,F1,-0.30,0.25,0.24,0.26,0.26,Meteor,0.13,0.30,0.28,0.25,0.26,CodeT5,0.86,0.71,0.70,0.63,0.63
